{"cameraMode":{"drawMode":0,"name":"Shaded","section":"Shading Mode"},"sceneLighting":true,"audioPlay":false,"sceneViewState":{"showFog":true,"showMaterialUpdate":false,"showSkybox":true,"showFlares":true,"showImageEffects":true,"showParticleSystems":true},"in2DMode":false,"pivot":{"x":18.720998764038087,"y":-1.4473881721496583,"z":5.621959686279297},"rotation":{"x":0.09900420904159546,"y":0.7137851715087891,"z":-0.1030595451593399,"w":0.6856473088264465},"size":70.0639877319336,"orthographic":false}