{"cameraMode":{"drawMode":0,"name":"Shaded","section":"Shading Mode"},"sceneLighting":true,"audioPlay":false,"sceneViewState":{"showFog":true,"showMaterialUpdate":false,"showSkybox":false,"showFlares":true,"showImageEffects":true,"showParticleSystems":true},"in2DMode":false,"pivot":{"x":-0.6867594718933106,"y":2.363589286804199,"z":0.14389759302139283},"rotation":{"x":0.2705833613872528,"y":0.44222915172576907,"z":-0.14190199971199037,"w":0.8432565927505493},"size":17.024616241455079,"orthographic":false}