{"cameraMode":{"drawMode":0,"name":"Shaded","section":"Shading Mode"},"sceneLighting":true,"audioPlay":false,"sceneViewState":{"showFog":true,"showMaterialUpdate":false,"showSkybox":true,"showFlares":true,"showImageEffects":true,"showParticleSystems":true},"in2DMode":false,"pivot":{"x":170.224609375,"y":327.81964111328127,"z":0.9276149868965149},"rotation":{"x":-0.025495000183582307,"y":-0.013495160266757012,"z":-0.0003446726477704942,"w":0.9995872378349304},"size":233.34524536132813,"orthographic":false}