{"cameraMode":{"drawMode":0,"name":"Shaded","section":"Shading Mode"},"sceneLighting":false,"audioPlay":false,"sceneViewState":{"showFog":true,"showMaterialUpdate":false,"showSkybox":false,"showFlares":true,"showImageEffects":true,"showParticleSystems":true},"in2DMode":false,"pivot":{"x":6.997502326965332,"y":0.7576918601989746,"z":-4.734631538391113},"rotation":{"x":-0.038178667426109317,"y":0.9463057518005371,"z":-0.12160992622375488,"w":-0.2970861792564392},"size":50.86817932128906,"orthographic":false}