{"cameraMode":{"drawMode":0,"name":"Shaded","section":"Shading Mode"},"sceneLighting":true,"audioPlay":false,"sceneViewState":{"showFog":true,"showMaterialUpdate":false,"showSkybox":true,"showFlares":true,"showImageEffects":true,"showParticleSystems":true},"in2DMode":false,"pivot":{"x":-5.683073043823242,"y":10.01080322265625,"z":-34.05402374267578},"rotation":{"x":-0.016046900302171708,"y":-0.9523814916610718,"z":0.300248384475708,"w":-0.050891950726509097},"size":124.13419342041016,"orthographic":false}