{"cameraMode":{"drawMode":0,"name":"Shaded","section":"Shading Mode"},"sceneLighting":true,"audioPlay":false,"sceneViewState":{"showFog":true,"showMaterialUpdate":false,"showSkybox":true,"showFlares":true,"showImageEffects":true,"showParticleSystems":true},"in2DMode":false,"pivot":{"x":-3.0443801879882814,"y":8.120763778686524,"z":-0.8566162586212158},"rotation":{"x":0.24963928759098054,"y":0.6669656038284302,"z":-0.2544806897640228,"w":0.6542787551879883},"size":16.184179306030275,"orthographic":false}