{"cameraMode":{"drawMode":0,"name":"Shaded","section":"Shading Mode"},"sceneLighting":false,"audioPlay":false,"sceneViewState":{"showFog":true,"showMaterialUpdate":false,"showSkybox":false,"showFlares":true,"showImageEffects":true,"showParticleSystems":true},"in2DMode":false,"pivot":{"x":-1.3320000171661378,"y":1.084360122680664,"z":0.5986628532409668},"rotation":{"x":-0.038178667426109317,"y":0.9463057518005371,"z":-0.12160992622375488,"w":-0.2970861792564392},"size":0.7144709229469299,"orthographic":false}