{"cameraMode":{"drawMode":0,"name":"Shaded","section":"Shading Mode"},"sceneLighting":true,"audioPlay":false,"sceneViewState":{"showFog":true,"showMaterialUpdate":false,"showSkybox":false,"showFlares":true,"showImageEffects":true,"showParticleSystems":true},"in2DMode":false,"pivot":{"x":-0.4076247215270996,"y":0.1603860855102539,"z":0.36727285385131838},"rotation":{"x":-0.020998457446694375,"y":1.4864814268378268e-8,"z":1.7428153364917876e-10,"w":0.9997794032096863},"size":40.010372161865237,"orthographic":true}