{"cameraMode":{"drawMode":0,"name":"Shaded","section":"Shading Mode"},"sceneLighting":true,"audioPlay":false,"sceneViewState":{"showFog":true,"showMaterialUpdate":false,"showSkybox":true,"showFlares":true,"showImageEffects":true,"showParticleSystems":true},"in2DMode":false,"pivot":{"x":19.079999923706056,"y":-4.880000114440918,"z":21.850000381469728},"rotation":{"x":-0.2088806927204132,"y":-0.6653441190719605,"z":0.20209956169128419,"w":-0.687653660774231},"size":18.95705795288086,"orthographic":false}